{
  "hash": "59e25afb",
  "configHash": "3dbfab9f",
  "lockfileHash": "cf92b208",
  "browserHash": "b6120dd7",
  "optimized": {
    "@angular/common": {
      "src": "../../../../../../node_modules/@angular/common/fesm2022/common.mjs",
      "file": "@angular_common.js",
      "fileHash": "4c214f93",
      "needsInterop": false
    },
    "@angular/core": {
      "src": "../../../../../../node_modules/@angular/core/fesm2022/core.mjs",
      "file": "@angular_core.js",
      "fileHash": "f2210e76",
      "needsInterop": false
    },
    "@angular/forms": {
      "src": "../../../../../../node_modules/@angular/forms/fesm2022/forms.mjs",
      "file": "@angular_forms.js",
      "fileHash": "5d91266e",
      "needsInterop": false
    },
    "@angular/platform-browser": {
      "src": "../../../../../../node_modules/@angular/platform-browser/fesm2022/platform-browser.mjs",
      "file": "@angular_platform-browser.js",
      "fileHash": "23698154",
      "needsInterop": false
    },
    "@angular/router": {
      "src": "../../../../../../node_modules/@angular/router/fesm2022/router.mjs",
      "file": "@angular_router.js",
      "fileHash": "53086cd6",
      "needsInterop": false
    }
  },
  "chunks": {
    "chunk-VNYNETNO": {
      "file": "chunk-VNYNETNO.js"
    },
    "chunk-YL4PDYQD": {
      "file": "chunk-YL4PDYQD.js"
    },
    "chunk-4W46YXB2": {
      "file": "chunk-4W46YXB2.js"
    }
  }
}